title,tags,duration,duration_frac,start,end
Hyperion,chp02,0 days 00:55:34,0.93,2024-04-21 20:40:37,2024-04-21 21:36:11
Hyperion,chp01,0 days 01:06:31,1.11,2024-04-21 17:17:09,2024-04-21 18:23:40
Hyperion,prologue,0 days 00:03:53,0.06,2024-04-21 17:03:49,2024-04-21 17:07:42
Reinforcement Learning,chp07,0 days 00:16:12,0.27,2024-04-21 14:06:42,2024-04-21 14:22:54
Yellowface,chp24,0 days 00:06:19,0.11,2024-04-21 00:42:23,2024-04-21 00:48:42
Yellowface,chp23,0 days 00:12:35,0.21,2024-04-21 00:29:44,2024-04-21 00:42:19
Yellowface,chp22,0 days 00:10:45,0.18,2024-04-21 00:18:56,2024-04-21 00:29:41
Yellowface,chp21,0 days 00:06:45,0.11,2024-04-21 00:12:08,2024-04-21 00:18:53
Yellowface,chp20,0 days 00:09:27,0.16,2024-04-21 00:02:38,2024-04-21 00:12:05
Yellowface,chp19,0 days 00:06:16,0.1,2024-04-20 23:52:06,2024-04-20 23:58:22
Yellowface,chp18,0 days 00:09:42,0.16,2024-04-20 23:42:21,2024-04-20 23:52:03
Yellowface,chp17,0 days 00:14:30,0.24,2024-04-20 23:27:45,2024-04-20 23:42:15
Yellowface,chp16,0 days 00:10:11,0.17,2024-04-20 21:09:38,2024-04-20 21:19:49
Yellowface,chp15,0 days 00:11:29,0.19,2024-04-20 20:57:01,2024-04-20 21:08:30
Yellowface,chp14,0 days 00:10:35,0.18,2024-04-20 20:46:23,2024-04-20 20:56:58
Yellowface,chp13,0 days 00:09:21,0.16,2024-04-20 20:36:59,2024-04-20 20:46:20
Yellowface,chp12,0 days 00:05:13,0.09,2024-04-20 20:31:43,2024-04-20 20:36:56
Yellowface,chp11,0 days 00:14:08,0.24,2024-04-20 00:18:18,2024-04-20 00:32:26
Yellowface,chp10,0 days 00:09:14,0.15,2024-04-20 00:09:01,2024-04-20 00:18:15
Yellowface,chp09,0 days 00:07:09,0.12,2024-04-20 00:01:49,2024-04-20 00:08:58
Yellowface,chp08,0 days 00:09:33,0.16,2024-04-19 23:49:05,2024-04-19 23:58:38
Yellowface,chp07,0 days 00:08:14,0.14,2024-04-19 21:47:58,2024-04-19 21:56:12
Yellowface,chp06,0 days 00:05:32,0.09,2024-04-19 21:42:19,2024-04-19 21:47:51
Yellowface,chp05,0 days 00:13:17,0.22,2024-04-19 21:28:47,2024-04-19 21:42:04
Yellowface,chp04,0 days 00:13:16,0.22,2024-04-19 21:12:51,2024-04-19 21:26:07
Yellowface,chp03,0 days 00:02:07,0.04,2024-04-19 21:10:42,2024-04-19 21:12:49
Yellowface,chp02,0 days 00:09:14,0.15,2024-04-19 21:01:25,2024-04-19 21:10:39
Yellowface,chp01,0 days 00:13:39,0.23,2024-04-19 20:47:42,2024-04-19 21:01:21
Dune,"chp11, part3",0 days 00:34:23,0.57,2024-04-19 15:05:39,2024-04-19 15:40:02
Dune,"chp10, part3",0 days 00:13:45,0.23,2024-04-19 14:51:51,2024-04-19 15:05:36
Dune,"chp9, part3",0 days 00:05:35,0.09,2024-04-19 14:46:13,2024-04-19 14:51:48
Dune,"chp8, part3",0 days 00:11:57,0.2,2024-04-19 13:49:54,2024-04-19 14:01:51
Dune,"chp7, part3",0 days 00:13:01,0.22,2024-04-19 13:36:49,2024-04-19 13:49:50
Dune,"chp6, part3",0 days 00:22:25,0.37,2024-04-19 12:28:51,2024-04-19 12:51:16
Dune,"chp5, part3",0 days 00:04:43,0.08,2024-04-19 12:24:04,2024-04-19 12:28:47
Dune,"chp4, part3",0 days 00:09:00,0.15,2024-04-19 11:35:57,2024-04-19 11:44:57
Dune,"chp3, part3",0 days 00:14:20,0.24,2024-04-19 11:21:34,2024-04-19 11:35:54
Dune,"chp2, part3",0 days 00:10:23,0.17,2024-04-19 11:11:07,2024-04-19 11:21:30
Dune,"chp1, part3",0 days 00:09:54,0.17,2024-04-19 11:00:56,2024-04-19 11:10:50
Dune,"chp15, part2",0 days 00:09:40,0.16,2024-04-18 19:59:07,2024-04-18 20:08:47
Dune,"chp14, part2",0 days 00:06:28,0.11,2024-04-18 19:52:35,2024-04-18 19:59:03
Dune,"chp13, part2",0 days 00:14:47,0.25,2024-04-18 19:37:44,2024-04-18 19:52:31
Dune,"chp12, part2",0 days 00:09:37,0.16,2024-04-18 19:28:04,2024-04-18 19:37:41
Dune,"chp11, part2",0 days 00:08:58,0.15,2024-04-18 16:27:35,2024-04-18 16:36:33
Dune,"chp10, part2",0 days 00:08:28,0.14,2024-04-18 11:55:27,2024-04-18 12:03:55
Dune,"chp9, part2",0 days 00:11:54,0.2,2024-04-18 11:43:29,2024-04-18 11:55:23
Dune,"chp8, part2",0 days 00:06:57,0.12,2024-04-18 11:36:29,2024-04-18 11:43:26
Dune,"chp7, part2",0 days 00:07:06,0.12,2024-04-18 11:29:19,2024-04-18 11:36:25
Dune,"chp6, part2",0 days 00:04:22,0.07,2024-04-17 21:30:14,2024-04-17 21:34:36
Dune,"chp5, part2",0 days 00:10:35,0.18,2024-04-17 21:19:17,2024-04-17 21:29:52
Dune,"chp4, part2",0 days 00:09:07,0.15,2024-04-17 21:10:01,2024-04-17 21:19:08
Dune,"chp3, part2",0 days 00:08:40,0.14,2024-04-17 21:00:07,2024-04-17 21:08:47
Dune,"chp2, part2",0 days 00:10:19,0.17,2024-04-17 18:17:36,2024-04-17 18:27:55
Dune,"chp1, part2",0 days 00:03:45,0.06,2024-04-17 18:13:48,2024-04-17 18:17:33
Dune,"part1, chp22",0 days 00:13:03,0.22,2024-04-17 17:40:14,2024-04-17 17:53:17
Dune,"part1, chp21",0 days 00:14:06,0.24,2024-04-17 17:26:05,2024-04-17 17:40:11
Dune,"part1, chp20",0 days 00:02:31,0.04,2024-04-15 23:18:48,2024-04-15 23:21:19
Dune,"part1, chp19",0 days 00:12:27,0.21,2024-04-15 23:06:18,2024-04-15 23:18:45
Dune,"part1, chp18",0 days 00:05:25,0.09,2024-04-15 23:00:50,2024-04-15 23:06:15
Dune,"part1, chp17",0 days 00:13:44,0.23,2024-04-15 21:35:06,2024-04-15 21:48:50
Dune,"part1, chp16",0 days 00:26:31,0.44,2024-04-15 21:08:13,2024-04-15 21:34:44
Dune,"part1, chp15",0 days 00:32:01,0.53,2024-04-15 20:33:01,2024-04-15 21:05:02
Dune,"part1, chp14",0 days 00:04:26,0.07,2024-04-15 20:28:32,2024-04-15 20:32:58
Dune,"part1, chp13",0 days 00:05:38,0.09,2024-04-15 20:22:51,2024-04-15 20:28:29
Dune,"part1, chp12",0 days 00:12:02,0.2,2024-04-15 15:19:39,2024-04-15 15:31:41
Dune,"part1, chp11",0 days 00:03:13,0.05,2024-04-15 15:07:20,2024-04-15 15:10:33
Dune,"chp10, part1",0 days 00:07:06,0.12,2024-04-15 15:00:08,2024-04-15 15:07:14
Dune,"chp9, part1",0 days 00:03:10,0.05,2024-04-15 14:56:54,2024-04-15 15:00:04
Dune,"chp8, part1",0 days 00:10:13,0.17,2024-04-15 14:46:35,2024-04-15 14:56:48
Dune,"chp7, part1",0 days 00:12:36,0.21,2024-04-14 22:52:37,2024-04-14 23:05:13
Dune,"chp6, part1",0 days 00:08:09,0.14,2024-04-14 22:44:24,2024-04-14 22:52:33
Dune,"chp5, part1",0 days 00:04:39,0.08,2024-04-14 22:39:42,2024-04-14 22:44:21
Dune,"chp4, part1",0 days 00:10:23,0.17,2024-04-14 22:29:10,2024-04-14 22:39:33
Dune,"chp3, part1",0 days 00:08:23,0.14,2024-04-14 22:20:42,2024-04-14 22:29:05
Dune,"chp2, part1",0 days 00:09:45,0.16,2024-04-14 22:10:53,2024-04-14 22:20:38
Dune,"chp1, part1",0 days 00:14:53,0.25,2024-04-14 20:06:33,2024-04-14 20:21:26
Turtles All the Way Down,chp24,0 days 00:05:38,0.09,2024-04-14 06:56:57,2024-04-14 07:02:35
Turtles All the Way Down,chp23,0 days 00:05:14,0.09,2024-04-14 06:51:40,2024-04-14 06:56:54
Turtles All the Way Down,chp22,0 days 00:12:58,0.22,2024-04-14 06:37:42,2024-04-14 06:50:40
Turtles All the Way Down,chp21,0 days 00:14:25,0.24,2024-04-14 06:23:13,2024-04-14 06:37:38
Turtles All the Way Down,chp20,0 days 00:01:20,0.02,2024-04-14 06:21:51,2024-04-14 06:23:11
Turtles All the Way Down,chp19,0 days 00:06:35,0.11,2024-04-14 06:15:13,2024-04-14 06:21:48
Turtles All the Way Down,chp18,0 days 00:07:10,0.12,2024-04-13 21:34:35,2024-04-13 21:41:45
Turtles All the Way Down,chp17,0 days 00:07:38,0.13,2024-04-13 21:26:39,2024-04-13 21:34:17
Turtles All the Way Down,chp16,0 days 00:05:13,0.09,2024-04-13 21:21:23,2024-04-13 21:26:36
Turtles All the Way Down,chp15,0 days 00:04:36,0.08,2024-04-13 21:16:44,2024-04-13 21:21:20
Turtles All the Way Down,chp14,0 days 00:08:26,0.14,2024-04-13 21:08:14,2024-04-13 21:16:40
Turtles All the Way Down,chp13,0 days 00:06:45,0.11,2024-04-13 21:01:25,2024-04-13 21:08:10
Turtles All the Way Down,chp12,0 days 00:16:25,0.27,2024-04-13 20:44:56,2024-04-13 21:01:21
Turtles All the Way Down,chp11,0 days 00:06:59,0.12,2024-04-13 20:37:54,2024-04-13 20:44:53
Turtles All the Way Down,chp10,0 days 00:07:21,0.12,2024-04-13 20:30:30,2024-04-13 20:37:51
Turtles All the Way Down,chp09,0 days 00:13:13,0.22,2024-04-13 17:22:30,2024-04-13 17:35:43
Turtles All the Way Down,chp08,0 days 00:05:25,0.09,2024-04-13 17:17:02,2024-04-13 17:22:27
Turtles All the Way Down,chp07,0 days 00:07:45,0.13,2024-04-13 17:09:13,2024-04-13 17:16:58
Turtles All the Way Down,chp06,0 days 00:14:04,0.23,2024-04-13 16:54:55,2024-04-13 17:08:59
Turtles All the Way Down,chp05,0 days 00:04:55,0.08,2024-04-13 16:49:57,2024-04-13 16:54:52
Turtles All the Way Down,chp04,0 days 00:07:21,0.12,2024-04-13 16:40:28,2024-04-13 16:47:49
Turtles All the Way Down,chp03,0 days 00:05:38,0.09,2024-04-13 16:34:42,2024-04-13 16:40:20
Turtles All the Way Down,chp02,0 days 00:05:26,0.09,2024-04-13 16:29:13,2024-04-13 16:34:39
Turtles All the Way Down,chp01,0 days 00:05:10,0.09,2024-04-13 15:58:33,2024-04-13 16:03:43
Acoustic and Auditory Phonetics,chp09,0 days 00:10:58,0.18,2024-04-05 17:13:09,2024-04-05 17:24:07
Acoustic and Auditory Phonetics,chp08,0 days 00:09:57,0.17,2024-04-05 17:03:03,2024-04-05 17:13:00
Acoustic and Auditory Phonetics,chp07,0 days 00:09:10,0.15,2024-04-05 15:56:21,2024-04-05 16:05:31
In the Land of Invented Languages,chp26,0 days 00:10:14,0.17,2024-04-04 22:41:15,2024-04-04 22:51:29
In the Land of Invented Languages,chp25,0 days 00:11:44,0.2,2024-04-04 22:29:28,2024-04-04 22:41:12
In the Land of Invented Languages,chp24,0 days 00:08:34,0.14,2024-04-04 22:20:52,2024-04-04 22:29:26
In the Land of Invented Languages,chp23,0 days 00:06:16,0.1,2024-04-04 22:14:33,2024-04-04 22:20:49
In the Land of Invented Languages,chp22,0 days 00:08:16,0.14,2024-04-04 22:06:14,2024-04-04 22:14:30
In the Land of Invented Languages,chp21,0 days 00:09:27,0.16,2024-04-04 21:56:43,2024-04-04 22:06:10
In the Land of Invented Languages,chp20,0 days 00:13:16,0.22,2024-04-04 21:40:57,2024-04-04 21:54:13
In the Land of Invented Languages,chp19,0 days 00:04:37,0.08,2024-04-04 21:36:17,2024-04-04 21:40:54
In the Land of Invented Languages,chp18,0 days 00:05:23,0.09,2024-04-04 21:30:51,2024-04-04 21:36:14
In the Land of Invented Languages,chp17,0 days 00:11:14,0.19,2024-04-03 20:35:22,2024-04-03 20:46:36
In the Land of Invented Languages,chp16,0 days 00:08:21,0.14,2024-04-03 20:26:58,2024-04-03 20:35:19
In the Land of Invented Languages,chp15,0 days 00:10:40,0.18,2024-04-03 20:16:15,2024-04-03 20:26:55
In the Land of Invented Languages,chp14,0 days 00:07:27,0.12,2024-04-03 20:08:44,2024-04-03 20:16:11
In the Land of Invented Languages,chp13,0 days 00:09:06,0.15,2024-04-03 19:59:00,2024-04-03 20:08:06
Through the Language Glass,epilogue,0 days 00:05:44,0.1,2024-04-03 15:13:43,2024-04-03 15:19:27
Through the Language Glass,chp09,0 days 00:13:59,0.23,2024-04-03 14:53:07,2024-04-03 15:07:06
Through the Language Glass,chp08,0 days 00:24:59,0.42,2024-04-03 14:26:44,2024-04-03 14:51:43
Through the Language Glass,chp07,0 days 00:36:47,0.61,2024-04-03 13:34:51,2024-04-03 14:11:38
Through the Language Glass,chp06,0 days 00:28:48,0.48,2024-04-02 18:43:01,2024-04-02 19:11:49
Acoustic and Auditory Phonetics,chp06,0 days 00:10:07,0.17,2024-04-02 10:24:20,2024-04-02 10:34:27
Acoustic and Auditory Phonetics,chp05,0 days 00:12:43,0.21,2024-04-02 09:51:55,2024-04-02 10:04:38
Acoustic and Auditory Phonetics,chp04,0 days 00:06:32,0.11,2024-04-02 09:44:48,2024-04-02 09:51:20
Through the Language Glass,chp05,0 days 00:30:02,0.5,2024-03-30 22:06:55,2024-03-30 22:36:57
In the Land of Invented Languages,chp12,0 days 00:05:20,0.09,2024-03-30 08:46:52,2024-03-30 08:52:12
In the Land of Invented Languages,chp11,0 days 00:13:23,0.22,2024-03-30 08:32:33,2024-03-30 08:45:56
In the Land of Invented Languages,chp10,0 days 00:12:52,0.21,2024-03-30 08:19:38,2024-03-30 08:32:30
In the Land of Invented Languages,chp09,0 days 00:04:20,0.07,2024-03-30 08:15:04,2024-03-30 08:19:24
In the Land of Invented Languages,chp08,0 days 00:08:03,0.13,2024-03-30 08:06:57,2024-03-30 08:15:00
In the Land of Invented Languages,chp07,0 days 00:12:43,0.21,2024-03-30 07:52:21,2024-03-30 08:05:04
In the Land of Invented Languages,chp06,0 days 00:03:23,0.06,2024-03-30 07:48:55,2024-03-30 07:52:18
In the Land of Invented Languages,chp05,0 days 00:04:36,0.08,2024-03-29 21:35:50,2024-03-29 21:40:26
In the Land of Invented Languages,chp04,0 days 00:08:18,0.14,2024-03-29 21:26:55,2024-03-29 21:35:13
In the Land of Invented Languages,chp03,0 days 00:03:27,0.06,2024-03-29 21:23:25,2024-03-29 21:26:52
In the Land of Invented Languages,chp02,0 days 00:05:55,0.1,2024-03-29 21:17:28,2024-03-29 21:23:23
In the Land of Invented Languages,chp01,0 days 00:06:42,0.11,2024-03-29 21:10:43,2024-03-29 21:17:25
Through the Language Glass,chp04,0 days 00:20:11,0.34,2024-03-28 21:20:26,2024-03-28 21:40:37
Through the Language Glass,chp03,0 days 00:18:02,0.3,2024-03-28 21:02:21,2024-03-28 21:20:23
Through the Language Glass,chp02,0 days 00:16:15,0.27,2024-03-28 20:46:03,2024-03-28 21:02:18
Through the Language Glass,chp01,0 days 00:16:59,0.28,2024-03-28 20:26:04,2024-03-28 20:43:03
Through the Language Glass,prologue,0 days 00:16:27,0.27,2024-03-28 20:09:06,2024-03-28 20:25:33
The Infinite Gift,epilogue,0 days 00:00:44,0.01,2024-03-25 21:38:26,2024-03-25 21:39:10
The Infinite Gift,chp08,0 days 00:29:42,0.5,2024-03-25 21:08:36,2024-03-25 21:38:18
The Infinite Gift,chp07,0 days 00:36:01,0.6,2024-03-25 20:32:30,2024-03-25 21:08:31
Acoustic and Auditory Phonetics,chp03,0 days 00:27:12,0.45,2024-03-24 16:49:28,2024-03-24 17:16:40
The Infinite Gift,chp06,0 days 00:15:54,0.27,2024-03-19 15:55:31,2024-03-19 16:11:25
The Infinite Gift,chp05,0 days 00:17:30,0.29,2024-03-19 15:37:51,2024-03-19 15:55:21
The Infinite Gift,chp04,0 days 00:19:28,0.32,2024-03-19 15:17:51,2024-03-19 15:37:19
The Infinite Gift,chp03,0 days 00:18:16,0.3,2024-03-19 14:58:21,2024-03-19 15:16:37
The Infinite Gift,chp02,0 days 00:19:13,0.32,2024-03-19 14:39:05,2024-03-19 14:58:18
The Infinite Gift,chp01,0 days 00:02:00,0.03,2024-03-19 14:37:05,2024-03-19 14:39:05
Acoustic and Auditory Phonetics,chp02,0 days 00:18:40,0.31,2024-03-19 07:03:48,2024-03-19 07:22:28
Acoustic and Auditory Phonetics,chp01,0 days 00:14:18,0.24,2024-03-19 06:49:26,2024-03-19 07:03:44
Acoustic and Auditory Phonetics,intro,0 days 00:03:21,0.06,2024-03-19 06:46:01,2024-03-19 06:49:22
Things to Make and Do in the Fourth Dimension,afterword,0 days 00:02:05,0.03,2024-03-18 20:51:27,2024-03-18 20:53:32
Things to Make and Do in the Fourth Dimension,chp18,0 days 00:16:46,0.28,2024-03-18 20:34:34,2024-03-18 20:51:20
Things to Make and Do in the Fourth Dimension,chp17,0 days 00:25:00,0.42,2024-03-18 20:09:25,2024-03-18 20:34:25
Things to Make and Do in the Fourth Dimension,chp16,0 days 00:15:17,0.25,2024-03-18 19:54:02,2024-03-18 20:09:19
Things to Make and Do in the Fourth Dimension,chp15,0 days 00:15:42,0.26,2024-03-18 19:38:12,2024-03-18 19:53:54
Things to Make and Do in the Fourth Dimension,chp14,0 days 00:15:30,0.26,2024-03-18 19:22:38,2024-03-18 19:38:08
Things to Make and Do in the Fourth Dimension,chp13,0 days 00:17:55,0.3,2024-03-18 16:31:38,2024-03-18 16:49:33
Things to Make and Do in the Fourth Dimension,chp12,0 days 00:11:32,0.19,2024-03-18 15:39:12,2024-03-18 15:50:44
Things to Make and Do in the Fourth Dimension,chp11,0 days 00:16:56,0.28,2024-03-18 15:21:01,2024-03-18 15:37:57
Things to Make and Do in the Fourth Dimension,chp10,0 days 00:15:24,0.26,2024-03-16 20:34:41,2024-03-16 20:50:05
Things to Make and Do in the Fourth Dimension,chp09,0 days 00:16:58,0.28,2024-03-16 20:16:47,2024-03-16 20:33:45
Things to Make and Do in the Fourth Dimension,chp08,0 days 00:14:04,0.23,2024-03-16 20:02:38,2024-03-16 20:16:42
Things to Make and Do in the Fourth Dimension,chp07,0 days 00:16:36,0.28,2024-03-16 19:46:00,2024-03-16 20:02:36
Things to Make and Do in the Fourth Dimension,chp06,0 days 00:13:24,0.22,2024-03-16 19:32:33,2024-03-16 19:45:57
Things to Make and Do in the Fourth Dimension,chp05,0 days 00:15:02,0.25,2024-03-16 15:21:51,2024-03-16 15:36:53
Things to Make and Do in the Fourth Dimension,chp04,0 days 00:11:05,0.18,2024-03-16 15:03:19,2024-03-16 15:14:24
Things to Make and Do in the Fourth Dimension,chp03,0 days 00:11:30,0.19,2024-03-16 14:51:44,2024-03-16 15:03:14
Things to Make and Do in the Fourth Dimension,chp02,0 days 00:14:27,0.24,2024-03-16 14:37:14,2024-03-16 14:51:41
Things to Make and Do in the Fourth Dimension,chp01,0 days 00:15:20,0.26,2024-03-16 14:14:31,2024-03-16 14:29:51
Things to Make and Do in the Fourth Dimension,intro,0 days 00:04:13,0.07,2024-03-16 14:10:15,2024-03-16 14:14:28
Disability Visibility,"chp8, part4",0 days 00:03:38,0.06,2024-03-16 07:57:17,2024-03-16 08:00:55
Disability Visibility,"chp7, part4",0 days 00:02:02,0.03,2024-03-16 07:55:12,2024-03-16 07:57:14
Disability Visibility,"chp6, part4",0 days 00:03:39,0.06,2024-03-16 07:51:30,2024-03-16 07:55:09
Disability Visibility,"chp5, part4",0 days 00:06:03,0.1,2024-03-16 07:45:23,2024-03-16 07:51:26
Disability Visibility,"chp4, part4",0 days 00:06:03,0.1,2024-03-16 07:39:17,2024-03-16 07:45:20
Disability Visibility,"chp3, part4",0 days 00:03:18,0.06,2024-03-16 07:35:55,2024-03-16 07:39:13
Disability Visibility,"chp2, part4",0 days 00:01:18,0.02,2024-03-16 07:34:33,2024-03-16 07:35:51
Disability Visibility,"chp1, part4",0 days 00:03:01,0.05,2024-03-16 07:31:28,2024-03-16 07:34:29
Disability Visibility,"chp10, part3",0 days 00:02:56,0.05,2024-03-15 21:09:34,2024-03-15 21:12:30
Disability Visibility,"chp9, part3",0 days 00:07:11,0.12,2024-03-15 21:02:21,2024-03-15 21:09:32
Disability Visibility,"chp8, part3",0 days 00:04:41,0.08,2024-03-15 20:57:37,2024-03-15 21:02:18
Disability Visibility,"chp7, part3",0 days 00:03:49,0.06,2024-03-15 20:53:44,2024-03-15 20:57:33
Disability Visibility,"chp6, part3",0 days 00:06:07,0.1,2024-03-15 20:47:34,2024-03-15 20:53:41
Disability Visibility,"chp5, part3",0 days 00:03:09,0.05,2024-03-15 20:44:22,2024-03-15 20:47:31
Disability Visibility,"chp4, part3",0 days 00:04:31,0.08,2024-03-15 20:39:47,2024-03-15 20:44:18
Disability Visibility,"chp3, part3",0 days 00:01:19,0.02,2024-03-15 20:38:23,2024-03-15 20:39:42
Disability Visibility,"chp2, part3",0 days 00:03:54,0.07,2024-03-15 20:34:26,2024-03-15 20:38:20
Disability Visibility,"chp1, part3",0 days 00:03:56,0.07,2024-03-15 20:30:27,2024-03-15 20:34:23
Disability Visibility,"chp10, part2",0 days 00:02:11,0.04,2024-03-15 20:28:01,2024-03-15 20:30:12
Disability Visibility,"chp9, part2",0 days 00:03:06,0.05,2024-03-15 20:24:52,2024-03-15 20:27:58
Disability Visibility,"chp8, part2",0 days 00:05:54,0.1,2024-03-15 20:18:55,2024-03-15 20:24:49
Disability Visibility,"chp7, part2",0 days 00:06:38,0.11,2024-03-15 20:12:14,2024-03-15 20:18:52
Disability Visibility,"chp6, part2",0 days 00:01:39,0.03,2024-03-15 20:10:32,2024-03-15 20:12:11
Disability Visibility,"chp5, part2",0 days 00:02:31,0.04,2024-03-15 20:07:58,2024-03-15 20:10:29
Disability Visibility,"chp4, part2",0 days 00:04:46,0.08,2024-03-15 20:03:09,2024-03-15 20:07:55
Disability Visibility,"chp3, part2",0 days 00:03:17,0.05,2024-03-15 16:24:23,2024-03-15 16:27:40
Disability Visibility,"chp2, part2",0 days 00:06:26,0.11,2024-03-15 16:17:38,2024-03-15 16:24:04
Disability Visibility,"chp1, part2",0 days 00:03:05,0.05,2024-03-15 16:14:30,2024-03-15 16:17:35
Disability Visibility,"chp9, part1",0 days 00:05:34,0.09,2024-03-15 16:08:46,2024-03-15 16:14:20
Disability Visibility,"chp8, part1",0 days 00:10:15,0.17,2024-03-15 15:58:28,2024-03-15 16:08:43
Disability Visibility,"chp7, part1",0 days 00:05:02,0.08,2024-03-15 15:53:23,2024-03-15 15:58:25
Disability Visibility,"chp6, part1",0 days 00:05:32,0.09,2024-03-15 15:47:48,2024-03-15 15:53:20
Disability Visibility,"chp5, part1",0 days 00:05:02,0.08,2024-03-15 15:42:42,2024-03-15 15:47:44
Disability Visibility,"chp4, part1",0 days 00:09:00,0.15,2024-03-15 15:33:38,2024-03-15 15:42:38
Disability Visibility,"chp3, part1",0 days 00:02:27,0.04,2024-03-15 15:31:08,2024-03-15 15:33:35
Disability Visibility,"chp2, part1",0 days 00:06:36,0.11,2024-03-15 15:24:28,2024-03-15 15:31:04
Infectious Generosity,"afterword, ebook",0 days 00:01:14,0.02,2024-03-13 04:20:46,2024-03-13 04:22:00
Infectious Generosity,"chp14, part3, ebook",0 days 00:05:21,0.09,2024-03-13 04:15:22,2024-03-13 04:20:43
Infectious Generosity,"chp13, part3, ebook",0 days 00:09:46,0.16,2024-03-13 04:05:33,2024-03-13 04:15:19
Infectious Generosity,"chp12, part3, ebook",0 days 00:11:09,0.19,2024-03-13 03:54:13,2024-03-13 04:05:22
Infectious Generosity,"chp11, part3, ebook",0 days 00:06:05,0.1,2024-03-13 03:48:05,2024-03-13 03:54:10
Infectious Generosity,"chp10, part3, ebook",0 days 00:18:00,0.3,2024-03-13 03:30:02,2024-03-13 03:48:02
Infectious Generosity,"chp9, part2, ebook",0 days 00:14:14,0.24,2024-03-13 02:45:22,2024-03-13 02:59:36
Infectious Generosity,"chp8, part2, ebook",0 days 00:07:00,0.12,2024-03-13 02:38:19,2024-03-13 02:45:19
Infectious Generosity,"chp7, part2, ebook",0 days 00:14:37,0.24,2024-03-13 02:23:38,2024-03-13 02:38:15
Infectious Generosity,"chp6, part2, ebook",0 days 00:16:51,0.28,2024-03-13 02:06:44,2024-03-13 02:23:35
Infectious Generosity,"part1, ebook, extra",0 days 00:01:25,0.02,2024-03-12 21:53:37,2024-03-12 21:55:02
Infectious Generosity,"chp5, part1, ebook",0 days 00:03:59,0.07,2024-03-12 21:49:25,2024-03-12 21:53:24
Infectious Generosity,"chp4, part1, ebook",0 days 00:07:57,0.13,2024-03-12 21:41:25,2024-03-12 21:49:22
Infectious Generosity,"chp3, part1, ebook",0 days 00:07:02,0.12,2024-03-12 20:30:33,2024-03-12 20:37:35
Infectious Generosity,"chp2, part1, ebook",0 days 00:10:12,0.17,2024-03-12 20:20:18,2024-03-12 20:30:30
Infectious Generosity,"chp1, part1, ebook",0 days 00:04:51,0.08,2024-03-12 20:15:25,2024-03-12 20:20:16
Infectious Generosity,"intro, ebook",0 days 00:05:21,0.09,2024-03-12 20:10:01,2024-03-12 20:15:22
Disability Visibility,"chp1, part1",0 days 00:29:58,0.5,2024-03-11 20:55:32,2024-03-11 21:25:30
Disability Visibility,intro,0 days 00:06:25,0.11,2024-03-11 20:49:04,2024-03-11 20:55:29
How to Speak Whale,chp12,0 days 00:08:59,0.15,2024-03-10 20:47:36,2024-03-10 20:56:35
How to Speak Whale,chp11,0 days 00:09:31,0.16,2024-03-10 20:38:02,2024-03-10 20:47:33
How to Speak Whale,chp10,0 days 00:14:36,0.24,2024-03-10 20:23:24,2024-03-10 20:38:00
How to Speak Whale,chp09,0 days 00:12:51,0.21,2024-03-10 20:10:30,2024-03-10 20:23:21
How to Speak Whale,chp08,0 days 00:10:34,0.18,2024-03-10 19:59:53,2024-03-10 20:10:27
How to Speak Whale,chp07,0 days 00:13:33,0.23,2024-03-10 19:46:18,2024-03-10 19:59:51
How to Speak Whale,chp06,0 days 00:22:19,0.37,2024-03-10 18:44:12,2024-03-10 19:06:31
How to Speak Whale,chp05,0 days 00:20:11,0.34,2024-03-10 18:10:30,2024-03-10 18:30:41
How to Speak Whale,chp04,0 days 00:24:45,0.41,2024-03-10 17:45:38,2024-03-10 18:10:23
How to Speak Whale,chp03,0 days 00:15:05,0.25,2024-03-10 16:12:57,2024-03-10 16:28:02
How to Speak Whale,chp02,0 days 00:12:25,0.21,2024-03-10 15:29:41,2024-03-10 15:42:06
How to Speak Whale,chp01,0 days 00:12:14,0.2,2024-03-10 15:10:26,2024-03-10 15:22:40
How to Speak Whale,intro,0 days 00:03:22,0.06,2024-03-10 15:07:01,2024-03-10 15:10:23
Death's End,"chp5, part6",0 days 00:04:56,0.08,2024-03-10 14:57:43,2024-03-10 15:02:39
Death's End,"chp4, part6",0 days 00:00:52,0.01,2024-03-10 14:56:48,2024-03-10 14:57:40
Death's End,"chp3, part6",0 days 00:14:20,0.24,2024-03-10 14:42:25,2024-03-10 14:56:45
Death's End,"chp2, part6",0 days 00:08:30,0.14,2024-03-10 14:33:52,2024-03-10 14:42:22
Death's End,"chp1, part6",0 days 00:41:32,0.69,2024-03-10 13:30:06,2024-03-10 14:11:38
Death's End,"chp5, part5",0 days 00:26:08,0.44,2024-03-10 11:56:09,2024-03-10 12:22:17
Death's End,"chp4, part5",0 days 00:12:13,0.2,2024-03-10 11:43:53,2024-03-10 11:56:06
Death's End,"chp3, part5",0 days 00:19:03,0.32,2024-03-10 11:24:46,2024-03-10 11:43:49
Death's End,"chp2, part5",0 days 00:03:56,0.07,2024-03-10 11:20:47,2024-03-10 11:24:43
Death's End,"chp1, part5",0 days 00:10:35,0.18,2024-03-10 11:10:08,2024-03-10 11:20:43
Death's End,"chp3, part4",0 days 00:17:53,0.3,2024-03-10 10:51:02,2024-03-10 11:08:55
Death's End,"chp2, part4",0 days 00:08:16,0.14,2024-03-09 21:34:43,2024-03-09 21:42:59
Death's End,"chp1, part4",0 days 00:22:11,0.37,2024-03-09 21:12:29,2024-03-09 21:34:40
Death's End,"chp24, part3",0 days 00:08:01,0.13,2024-03-09 20:54:43,2024-03-09 21:02:44
Death's End,"chp23, part3",0 days 00:01:51,0.03,2024-03-09 20:52:50,2024-03-09 20:54:41
Death's End,"chp22, part3",0 days 00:06:51,0.11,2024-03-09 20:45:48,2024-03-09 20:52:39
Death's End,"chp21, part3",0 days 00:02:06,0.04,2024-03-09 20:43:38,2024-03-09 20:45:44
Death's End,"chp20, part3",0 days 00:16:35,0.28,2024-03-09 20:27:00,2024-03-09 20:43:35
Death's End,"chp19, part3",0 days 00:02:25,0.04,2024-03-09 20:24:30,2024-03-09 20:26:55
Death's End,"chp18, part3",0 days 00:20:27,0.34,2024-03-09 20:03:59,2024-03-09 20:24:26
Death's End,"chp17, part3",0 days 00:02:17,0.04,2024-03-09 20:01:39,2024-03-09 20:03:56
Death's End,"chp16, part3",0 days 00:05:50,0.1,2024-03-09 19:55:44,2024-03-09 20:01:34
Death's End,"chp15, part3",0 days 00:05:19,0.09,2024-03-09 17:49:14,2024-03-09 17:54:33
Death's End,"chp14, part3",0 days 00:07:07,0.12,2024-03-09 17:42:02,2024-03-09 17:49:09
Death's End,"chp13, part3",0 days 00:14:54,0.25,2024-03-09 17:27:05,2024-03-09 17:41:59
Death's End,"chp12, part3",0 days 00:08:58,0.15,2024-03-09 17:14:58,2024-03-09 17:23:56
Death's End,"chp11, part3",0 days 00:15:29,0.26,2024-03-09 16:59:26,2024-03-09 17:14:55
Death's End,"chp10, part3",0 days 00:06:27,0.11,2024-03-08 21:37:22,2024-03-08 21:43:49
Death's End,"chp9, part3",0 days 00:19:39,0.33,2024-03-08 21:17:38,2024-03-08 21:37:17
Death's End,"chp8, part3",0 days 00:02:20,0.04,2024-03-08 21:15:15,2024-03-08 21:17:35
Death's End,"chp7, part3",0 days 00:08:55,0.15,2024-03-08 21:06:17,2024-03-08 21:15:12
Death's End,"chp6, part3",0 days 00:05:48,0.1,2024-03-08 21:00:26,2024-03-08 21:06:14
Death's End,"chp5, part3",0 days 00:12:59,0.22,2024-03-08 20:47:19,2024-03-08 21:00:18
Death's End,"chp4, part3",0 days 00:02:05,0.03,2024-03-08 20:45:11,2024-03-08 20:47:16
Death's End,"chp3, part3",0 days 00:03:08,0.05,2024-03-08 20:42:00,2024-03-08 20:45:08
Death's End,"chp2, part3",0 days 00:02:40,0.04,2024-03-08 20:39:17,2024-03-08 20:41:57
Death's End,"chp1, part3",0 days 00:02:51,0.05,2024-03-08 20:36:23,2024-03-08 20:39:14
Death's End,"chp26, part2",0 days 00:22:32,0.38,2024-03-08 20:13:46,2024-03-08 20:36:18
Death's End,"chp25, part2",0 days 00:01:41,0.03,2024-03-08 16:04:33,2024-03-08 16:06:14
Death's End,"chp24, part2",0 days 00:26:25,0.44,2024-03-08 15:37:42,2024-03-08 16:04:07
Death's End,"chp23, part2",0 days 00:33:12,0.55,2024-03-08 15:04:18,2024-03-08 15:37:30
Death's End,"chp22, part2",0 days 00:03:05,0.05,2024-03-06 20:13:46,2024-03-06 20:16:51
Death's End,"chp21, part2",0 days 00:01:09,0.02,2024-03-06 20:12:31,2024-03-06 20:13:40
Death's End,"chp20, part2",0 days 00:02:11,0.04,2024-03-06 20:10:17,2024-03-06 20:12:28
Death's End,"chp19, part2",0 days 00:04:15,0.07,2024-03-06 20:05:59,2024-03-06 20:10:14
Death's End,"chp18, part2",0 days 00:02:34,0.04,2024-03-06 20:03:20,2024-03-06 20:05:54
Death's End,"chp17, part2",0 days 00:01:14,0.02,2024-03-06 20:02:03,2024-03-06 20:03:17
Death's End,"chp16, part2",0 days 00:05:28,0.09,2024-03-06 19:56:32,2024-03-06 20:02:00
Death's End,"chp15, part2",0 days 00:05:35,0.09,2024-03-06 19:50:54,2024-03-06 19:56:29
Death's End,"chp14, part2",0 days 00:05:18,0.09,2024-03-06 19:45:33,2024-03-06 19:50:51
Death's End,"chp13, part2",0 days 00:01:18,0.02,2024-03-06 19:44:11,2024-03-06 19:45:29
Death's End,"chp12, part2",0 days 00:14:40,0.24,2024-03-06 19:29:28,2024-03-06 19:44:08
Death's End,"chp11, part2",0 days 00:01:04,0.02,2024-03-06 19:28:21,2024-03-06 19:29:25
Death's End,"chp10, part2",0 days 00:02:54,0.05,2024-03-06 19:25:25,2024-03-06 19:28:19
Death's End,"chp9, part2",0 days 00:08:37,0.14,2024-03-06 19:16:44,2024-03-06 19:25:21
Death's End,"chp8, part2",0 days 00:03:15,0.05,2024-03-06 15:26:36,2024-03-06 15:29:51
Death's End,"chp7, part2",0 days 00:02:03,0.03,2024-03-06 15:23:57,2024-03-06 15:26:00
Death's End,"chp6, part2",0 days 00:08:36,0.14,2024-03-06 15:15:10,2024-03-06 15:23:46
Death's End,"chp5, part2",0 days 00:11:20,0.19,2024-03-06 15:03:41,2024-03-06 15:15:01
Death's End,"chp4, part2",0 days 00:10:05,0.17,2024-03-06 14:53:18,2024-03-06 15:03:23
Death's End,"chp3, part2",0 days 00:04:08,0.07,2024-03-06 14:49:07,2024-03-06 14:53:15
Death's End,"chp2, part2",0 days 00:01:52,0.03,2024-03-06 14:47:11,2024-03-06 14:49:03
Death's End,"chp1, part2",0 days 00:01:56,0.03,2024-03-06 14:45:12,2024-03-06 14:47:08
Death's End,"part1, chp11",0 days 00:11:42,0.2,2024-03-06 14:31:47,2024-03-06 14:43:29
Death's End,"chp10, part1",0 days 00:08:25,0.14,2024-03-06 14:23:15,2024-03-06 14:31:40
Death's End,"chp9, part1",0 days 00:01:44,0.03,2024-03-06 14:21:28,2024-03-06 14:23:12
Death's End,"chp8, part1",0 days 00:05:44,0.1,2024-03-06 14:15:41,2024-03-06 14:21:25
Death's End,"chp7, part1",0 days 00:02:18,0.04,2024-03-06 14:13:20,2024-03-06 14:15:38
Talking Hands,afterword,0 days 00:03:01,0.05,2024-03-05 20:07:28,2024-03-05 20:10:29
Talking Hands,chp17,0 days 00:14:03,0.23,2024-03-05 19:53:22,2024-03-05 20:07:25
Talking Hands,chp16,0 days 00:18:25,0.31,2024-03-05 19:34:54,2024-03-05 19:53:19
Talking Hands,chp15,0 days 00:09:41,0.16,2024-03-05 19:13:10,2024-03-05 19:22:51
Talking Hands,chp14,0 days 00:20:13,0.34,2024-03-05 18:52:51,2024-03-05 19:13:04
Talking Hands,chp13,0 days 00:10:30,0.18,2024-03-05 18:42:15,2024-03-05 18:52:45
Death's End,"chp6, part1",0 days 00:10:24,0.17,2024-03-01 11:31:52,2024-03-01 11:42:16
Death's End,"chp5, part1",0 days 00:09:51,0.16,2024-03-01 11:21:48,2024-03-01 11:31:39
Death's End,"chp4, part1",0 days 00:03:11,0.05,2024-03-01 11:18:32,2024-03-01 11:21:43
Death's End,"chp3, part1",0 days 00:08:54,0.15,2024-03-01 11:09:36,2024-03-01 11:18:30
Death's End,"chp2, part1",0 days 00:04:17,0.07,2024-03-01 11:05:16,2024-03-01 11:09:33
Death's End,"chp1, part1",0 days 00:11:40,0.19,2024-03-01 10:53:33,2024-03-01 11:05:13
Death's End,intro,0 days 00:01:01,0.02,2024-03-01 10:52:22,2024-03-01 10:53:23
Talking Hands,chp12,0 days 00:16:27,0.27,2024-03-01 08:57:23,2024-03-01 09:13:50
Talking Hands,chp11,0 days 00:06:58,0.12,2024-03-01 08:49:33,2024-03-01 08:56:31
Talking Hands,chp10,0 days 00:13:43,0.23,2024-03-01 08:35:07,2024-03-01 08:48:50
Talking Hands,chp09,0 days 00:06:12,0.1,2024-03-01 08:28:47,2024-03-01 08:34:59
Talking Hands,chp08,0 days 00:20:58,0.35,2024-03-01 08:07:39,2024-03-01 08:28:37
Talking Hands,chp07,0 days 00:14:19,0.24,2024-03-01 07:53:17,2024-03-01 08:07:36
Talking Hands,chp06,0 days 00:22:00,0.37,2024-02-29 20:28:30,2024-02-29 20:50:30
Talking Hands,chp05,0 days 00:10:49,0.18,2024-02-29 20:17:38,2024-02-29 20:28:27
Talking Hands,chp04,0 days 00:24:27,0.41,2024-02-28 21:36:42,2024-02-28 22:01:09
Talking Hands,chp03,0 days 00:08:22,0.14,2024-02-28 21:28:17,2024-02-28 21:36:39
Talking Hands,chp02,0 days 00:27:14,0.45,2024-02-27 20:21:01,2024-02-27 20:48:15
Talking Hands,chp01,0 days 00:11:37,0.19,2024-02-27 20:09:20,2024-02-27 20:20:57
Talking Hands,intro,0 days 00:05:24,0.09,2024-02-27 20:03:52,2024-02-27 20:09:16
Humble Pi,afterword,0 days 00:03:15,0.05,2024-02-27 17:18:10,2024-02-27 17:21:25
Humble Pi,conclusion,0 days 00:06:13,0.1,2024-02-27 17:11:55,2024-02-27 17:18:08
Humble Pi,chp14,0 days 00:12:35,0.21,2024-02-27 16:28:00,2024-02-27 16:40:35
Humble Pi,chp13,0 days 00:17:53,0.3,2024-02-27 16:09:50,2024-02-27 16:27:43
Humble Pi,chp12,0 days 00:17:28,0.29,2024-02-27 15:52:01,2024-02-27 16:09:29
Humble Pi,chp11,0 days 00:18:13,0.3,2024-02-27 15:33:40,2024-02-27 15:51:53
Humble Pi,chp10,0 days 00:10:56,0.18,2024-02-27 15:22:41,2024-02-27 15:33:37
Humble Pi,chp09,0 days 00:19:46,0.33,2024-02-27 15:02:51,2024-02-27 15:22:37
High Performance Computing,chp01,0 days 00:14:43,0.25,2024-02-26 21:29:48,2024-02-26 21:44:31
High Performance Computing,chp01,0 days 00:07:02,0.12,2024-02-26 21:22:39,2024-02-26 21:29:41
High Performance Computing,preface,0 days 00:03:58,0.07,2024-02-26 21:18:38,2024-02-26 21:22:36
Humble Pi,chp08,0 days 00:15:33,0.26,2024-02-26 21:02:33,2024-02-26 21:18:06
Humble Pi,chp07,0 days 00:20:34,0.34,2024-02-26 20:39:39,2024-02-26 21:00:13
Humble Pi,chp06,0 days 00:13:55,0.23,2024-02-25 23:20:04,2024-02-25 23:33:59
Humble Pi,chp05,0 days 00:15:50,0.26,2024-02-25 21:05:43,2024-02-25 21:21:33
Humble Pi,chp04,0 days 00:18:47,0.31,2024-02-25 20:45:34,2024-02-25 21:04:21
Swearing is Good for You,conclusion,0 days 00:00:48,0.01,2024-02-25 16:34:29,2024-02-25 16:35:17
Swearing is Good for You,chp07,0 days 00:15:07,0.25,2024-02-25 16:19:19,2024-02-25 16:34:26
Swearing is Good for You,chp06,0 days 00:14:00,0.23,2024-02-25 16:05:16,2024-02-25 16:19:16
Swearing is Good for You,chp05,0 days 00:22:16,0.37,2024-02-25 15:17:24,2024-02-25 15:39:40
Swearing is Good for You,chp04,0 days 00:19:38,0.33,2024-02-25 14:45:02,2024-02-25 15:04:40
Humble Pi,chp03,0 days 00:19:45,0.33,2024-02-25 12:35:48,2024-02-25 12:55:33
Humble Pi,chp02,0 days 00:16:49,0.28,2024-02-25 12:18:50,2024-02-25 12:35:39
Humble Pi,chp01,0 days 00:19:24,0.32,2024-02-25 11:57:56,2024-02-25 12:17:20
Humble Pi,intro,0 days 00:06:09,0.1,2024-02-25 11:51:44,2024-02-25 11:57:53
Swearing is Good for You,chp03,0 days 00:23:22,0.39,2024-02-24 23:31:19,2024-02-24 23:54:41
Swearing is Good for You,chp02,0 days 00:21:00,0.35,2024-02-24 23:10:13,2024-02-24 23:31:13
Swearing is Good for You,chp01,0 days 00:20:40,0.34,2024-02-24 21:09:26,2024-02-24 21:30:06
Swearing is Good for You,intro,0 days 00:18:04,0.3,2024-02-24 20:50:34,2024-02-24 21:08:38
The Dark Forest,chp07,0 days 00:03:30,0.06,2024-02-22 23:47:28,2024-02-22 23:50:58
The Dark Forest,chp06,0 days 00:17:21,0.29,2024-02-22 23:30:04,2024-02-22 23:47:25
The Dark Forest,chp05,0 days 01:40:35,1.68,2024-02-22 20:28:50,2024-02-22 22:09:25
The Dark Forest,chp05,0 days 01:38:51,1.65,2024-02-21 20:22:15,2024-02-21 22:01:06
The Dark Forest,chp04,0 days 01:02:00,1.03,2024-02-20 20:32:46,2024-02-20 21:34:46
The Dark Forest,chp03,0 days 00:32:43,0.55,2024-02-20 19:58:26,2024-02-20 20:31:09
The Dark Forest,chp02,0 days 01:02:11,1.04,2024-02-19 19:46:17,2024-02-19 20:48:28
The Dark Forest,chp01,0 days 00:22:06,0.37,2024-02-19 18:41:14,2024-02-19 19:03:20
The Dark Forest,chp01,0 days 00:17:06,0.29,2024-02-19 18:05:03,2024-02-19 18:22:09
The Dark Forest,chp01,0 days 00:42:06,0.7,2024-02-19 17:04:46,2024-02-19 17:46:52
The Dark Forest,chp01,0 days 00:12:35,0.21,2024-02-19 15:37:06,2024-02-19 15:49:41
The Dark Forest,chp01,0 days 01:07:56,1.13,2024-02-19 14:24:11,2024-02-19 15:32:07
The Dark Forest,chp01,0 days 00:37:00,0.62,2024-02-18 20:46:06,2024-02-18 21:23:06
The Dark Forest,prologue,0 days 00:15:55,0.27,2024-02-18 20:30:08,2024-02-18 20:46:03
The Precipice,chp08,0 days 00:38:35,0.64,2024-02-18 16:02:09,2024-02-18 16:40:44
The Precipice,chp07,0 days 01:02:39,1.04,2024-02-18 13:36:33,2024-02-18 14:39:12
The Precipice,chp06,0 days 00:32:09,0.54,2024-02-18 13:04:22,2024-02-18 13:36:31
The Precipice,chp05,0 days 01:20:03,1.33,2024-02-13 20:11:34,2024-02-13 21:31:37
The Precipice,chp04,0 days 01:14:54,1.25,2024-02-12 19:47:07,2024-02-12 21:02:01
The Precipice,chp03,0 days 00:48:32,0.81,2024-02-11 21:00:46,2024-02-11 21:49:18
The Precipice,chp02,0 days 00:37:04,0.62,2024-02-11 10:39:22,2024-02-11 11:16:26
The Precipice,chp02,0 days 00:28:25,0.47,2024-02-10 21:04:07,2024-02-10 21:32:32
The Precipice,chp01,0 days 00:40:46,0.68,2024-02-10 20:21:55,2024-02-10 21:02:41
The Precipice,intro,0 days 00:06:43,0.11,2024-02-10 20:06:45,2024-02-10 20:13:28
The Little Book of Deep Learning,afterword,0 days 00:02:04,0.03,2024-02-10 17:03:51,2024-02-10 17:05:55
The Little Book of Deep Learning,chp07,0 days 00:03:03,0.05,2024-02-10 17:00:33,2024-02-10 17:03:36
The Little Book of Deep Learning,chp06,0 days 00:08:03,0.13,2024-02-10 16:52:26,2024-02-10 17:00:29
The Little Book of Deep Learning,chp05,0 days 00:09:26,0.16,2024-02-10 16:42:50,2024-02-10 16:52:16
The Little Book of Deep Learning,chp04,0 days 00:20:27,0.34,2024-02-10 16:22:18,2024-02-10 16:42:45
The Little Book of Deep Learning,chp03,0 days 00:15:46,0.26,2024-02-10 16:06:28,2024-02-10 16:22:14
The Little Book of Deep Learning,chp02,0 days 00:03:13,0.05,2024-02-10 16:03:12,2024-02-10 16:06:25
The Little Book of Deep Learning,chp01,0 days 00:07:12,0.12,2024-02-10 15:55:57,2024-02-10 16:03:09
The Little Book of Deep Learning,foreword,0 days 00:01:32,0.03,2024-02-10 15:54:21,2024-02-10 15:55:53
Practical Fairness,chp12,0 days 00:15:45,0.26,2024-01-28 21:07:00,2024-01-28 21:22:45
Practical Fairness,chp11,0 days 00:13:57,0.23,2024-01-28 20:53:00,2024-01-28 21:06:57
Practical Fairness,chp10,0 days 00:16:12,0.27,2024-01-28 20:36:30,2024-01-28 20:52:42
Practical Fairness,chp09,0 days 00:17:15,0.29,2024-01-28 20:03:44,2024-01-28 20:20:59
Practical Fairness,chp09,0 days 00:07:28,0.12,2024-01-28 19:52:32,2024-01-28 20:00:00
Practical Fairness,chp08,0 days 00:21:43,0.36,2024-01-28 19:30:45,2024-01-28 19:52:28
Practical Fairness,chp07,0 days 00:18:33,0.31,2024-01-22 20:40:36,2024-01-22 20:59:09
Practical Fairness,chp06,0 days 00:13:37,0.23,2024-01-22 19:56:54,2024-01-22 20:10:31
Practical Fairness,chp05,0 days 00:16:33,0.28,2024-01-22 19:33:32,2024-01-22 19:50:05
Practical Fairness,chp04,0 days 00:28:22,0.47,2024-01-20 21:46:52,2024-01-20 22:15:14
Practical Fairness,chp03,0 days 00:41:53,0.7,2024-01-20 07:48:43,2024-01-20 08:30:36
Practical Fairness,chp02,0 days 00:21:39,0.36,2024-01-16 20:08:47,2024-01-16 20:30:26
Practical Fairness,chp01,0 days 00:39:44,0.66,2024-01-14 20:24:42,2024-01-14 21:04:26
Practical Fairness,preface,0 days 00:03:03,0.05,2024-01-14 20:21:28,2024-01-14 20:24:31
The Three-Body Problem,chp35,0 days 00:01:11,0.02,2024-01-14 00:56:05,2024-01-14 00:57:16
The Three-Body Problem,chp34,0 days 00:03:18,0.06,2024-01-14 00:52:45,2024-01-14 00:56:03
The Three-Body Problem,chp33,0 days 00:32:29,0.54,2024-01-14 00:20:12,2024-01-14 00:52:41
The Three-Body Problem,chp32,0 days 00:13:39,0.23,2024-01-14 00:06:30,2024-01-14 00:20:09
The Three-Body Problem,chp31,0 days 00:15:22,0.26,2024-01-13 23:51:04,2024-01-14 00:06:26
The Three-Body Problem,chp30,0 days 00:09:28,0.16,2024-01-13 23:41:33,2024-01-13 23:51:01
The Three-Body Problem,chp29,0 days 00:07:20,0.12,2024-01-13 23:34:10,2024-01-13 23:41:30
The Three-Body Problem,chp28,0 days 00:02:14,0.04,2024-01-13 23:31:53,2024-01-13 23:34:07
The Three-Body Problem,chp27,0 days 00:10:38,0.18,2024-01-13 23:21:12,2024-01-13 23:31:50
The Three-Body Problem,chp26,0 days 00:17:33,0.29,2024-01-13 23:03:36,2024-01-13 23:21:09
The Three-Body Problem,chp25,0 days 00:07:18,0.12,2024-01-13 22:56:14,2024-01-13 23:03:32
The Three-Body Problem,chp24,0 days 00:07:13,0.12,2024-01-13 22:46:15,2024-01-13 22:53:28
The Three-Body Problem,chp23,0 days 00:10:20,0.17,2024-01-13 22:35:52,2024-01-13 22:46:12
The Three-Body Problem,chp22,0 days 00:14:41,0.24,2024-01-13 22:21:07,2024-01-13 22:35:48
The Three-Body Problem,chp21,0 days 00:13:05,0.22,2024-01-13 20:43:44,2024-01-13 20:56:49
The Three-Body Problem,chp20,0 days 00:03:27,0.06,2024-01-13 20:32:05,2024-01-13 20:35:32
The Three-Body Problem,chp19,0 days 00:15:27,0.26,2024-01-13 20:16:34,2024-01-13 20:32:01
The Three-Body Problem,chp18,0 days 00:07:56,0.13,2024-01-13 20:08:34,2024-01-13 20:16:30
The Three-Body Problem,chp17,0 days 00:18:20,0.31,2024-01-13 19:50:07,2024-01-13 20:08:27
The Three-Body Problem,chp16,0 days 00:23:00,0.38,2024-01-13 19:27:04,2024-01-13 19:50:04
The Three-Body Problem,chp15,0 days 00:09:24,0.16,2024-01-13 19:17:36,2024-01-13 19:27:00
The Three-Body Problem,chp14,0 days 00:06:08,0.1,2024-01-13 18:36:13,2024-01-13 18:42:21
The Three-Body Problem,chp13,0 days 00:06:46,0.11,2024-01-13 18:29:24,2024-01-13 18:36:10
The Three-Body Problem,chp12,0 days 00:11:02,0.18,2024-01-13 18:18:18,2024-01-13 18:29:20
The Three-Body Problem,chp11,0 days 00:12:22,0.21,2024-01-13 18:05:52,2024-01-13 18:18:14
The Three-Body Problem,chp10,0 days 00:08:42,0.15,2024-01-13 17:57:07,2024-01-13 18:05:49
The Three-Body Problem,chp09,0 days 00:09:59,0.17,2024-01-13 17:47:05,2024-01-13 17:57:04
The Three-Body Problem,chp08,0 days 00:07:49,0.13,2024-01-13 17:39:13,2024-01-13 17:47:02
The Three-Body Problem,chp07,0 days 00:21:02,0.35,2024-01-13 17:18:08,2024-01-13 17:39:10
The Three-Body Problem,chp06,0 days 00:17:50,0.3,2024-01-13 17:00:15,2024-01-13 17:18:05
The Three-Body Problem,chp05,0 days 00:05:40,0.09,2024-01-13 16:54:32,2024-01-13 17:00:12
The Three-Body Problem,chp04,0 days 00:15:56,0.27,2024-01-13 15:51:07,2024-01-13 16:07:03
The Three-Body Problem,"chp3, part1",0 days 00:07:11,0.12,2024-01-13 15:43:46,2024-01-13 15:50:57
The Three-Body Problem,"chp2, part1",0 days 00:16:32,0.28,2024-01-13 15:27:11,2024-01-13 15:43:43
The Three-Body Problem,"chp1, part1",0 days 00:18:36,0.31,2024-01-13 15:08:31,2024-01-13 15:27:07
Weapons of Math Destruction,afterword,0 days 00:08:04,0.13,2024-01-11 22:48:37,2024-01-11 22:56:41
Weapons of Math Destruction,conclusion,0 days 00:16:12,0.27,2024-01-11 22:32:22,2024-01-11 22:48:34
Weapons of Math Destruction,chp10,0 days 00:17:34,0.29,2024-01-11 22:14:45,2024-01-11 22:32:19
Weapons of Math Destruction,chp09,0 days 00:17:27,0.29,2024-01-11 21:57:14,2024-01-11 22:14:41
Weapons of Math Destruction,chp08,0 days 00:21:57,0.37,2024-01-11 21:35:13,2024-01-11 21:57:10
Weapons of Math Destruction,chp07,0 days 00:20:49,0.35,2024-01-10 21:02:34,2024-01-10 21:23:23
Weapons of Math Destruction,chp06,0 days 00:17:07,0.29,2024-01-10 20:45:06,2024-01-10 21:02:13
Weapons of Math Destruction,chp05,0 days 00:21:40,0.36,2024-01-10 20:23:23,2024-01-10 20:45:03
Weapons of Math Destruction,chp04,0 days 00:19:57,0.33,2024-01-10 20:03:21,2024-01-10 20:23:18
Weapons of Math Destruction,chp03,0 days 00:19:32,0.33,2024-01-09 21:11:51,2024-01-09 21:31:23
Weapons of Math Destruction,chp02,0 days 00:23:21,0.39,2024-01-09 20:48:27,2024-01-09 21:11:48
Weapons of Math Destruction,chp01,0 days 00:12:03,0.2,2024-01-08 08:07:57,2024-01-08 08:20:00
Weapons of Math Destruction,intro,0 days 00:10:18,0.17,2024-01-08 07:57:33,2024-01-08 08:07:51
How Google Works,chp08,0 days 00:11:12,0.19,2024-01-07 20:53:46,2024-01-07 21:04:58
How Google Works,chp07,0 days 00:48:29,0.81,2024-01-07 20:05:08,2024-01-07 20:53:37
How Google Works,chp06,0 days 00:27:28,0.46,2024-01-07 19:37:36,2024-01-07 20:05:04
How Google Works,chp06,0 days 00:06:13,0.1,2024-01-07 13:00:03,2024-01-07 13:06:16
How Google Works,chp06,0 days 00:03:27,0.06,2024-01-07 11:30:58,2024-01-07 11:34:25
How Google Works,chp05,0 days 00:27:11,0.45,2024-01-06 22:08:58,2024-01-06 22:36:09
How Google Works,chp04,0 days 01:25:46,1.43,2024-01-06 20:02:57,2024-01-06 21:28:43
How Google Works,chp03,0 days 00:18:16,0.3,2024-01-06 18:03:39,2024-01-06 18:21:55
How Google Works,chp03,0 days 00:19:18,0.32,2024-01-06 17:18:31,2024-01-06 17:37:49
How Google Works,chp02,0 days 00:45:31,0.76,2024-01-05 21:32:03,2024-01-05 22:17:34
How Google Works,chp02,0 days 00:12:22,0.21,2024-01-05 09:25:13,2024-01-05 09:37:35
How Google Works,chp01,0 days 00:18:38,0.31,2024-01-01 20:13:00,2024-01-01 20:31:38
How Google Works,"foreword, intro",0 days 00:03:16,0.05,2024-01-01 20:09:41,2024-01-01 20:12:57
How Google Works,foreword,0 days 00:02:02,0.03,2024-01-01 20:07:36,2024-01-01 20:09:38
Python Data Science Handbook,preface,0 days 00:04:52,0.0811111111111111,2023-01-03 16:16:05,2023-01-03 16:20:57
Python Data Science Handbook,chp01,0 days 00:32:12,0.5366666666666666,2023-01-03 16:26:22,2023-01-03 16:58:34
Python Data Science Handbook,chp02,0 days 00:47:07,0.7852777777777777,2023-01-03 20:56:17,2023-01-03 21:43:24
Python Data Science Handbook,chp03,0 days 01:29:44,1.4955555555555555,2023-01-12 18:51:04,2023-01-12 20:20:48
Python Data Science Handbook,"chp4, ebook",0 days 00:52:51,0.8808333333333334,2023-01-14 12:53:40,2023-01-14 13:46:31
Algorithms to Live By,introduction,0 days 00:06:21,0.1058333333333333,2023-01-15 16:42:04,2023-01-15 16:48:25
Algorithms to Live By,chp01,0 days 00:29:31,0.4919444444444444,2023-01-15 16:48:27,2023-01-15 17:17:58
Algorithms to Live By,chp02,0 days 00:39:45,0.6625,2023-01-15 21:43:58,2023-01-15 22:23:43
Python Data Science Handbook,"chp5, ebook",0 days 01:40:17,1.6713888888888888,2023-01-18 13:19:20,2023-01-18 14:59:37
Algorithms to Live By,chp03,0 days 00:30:41,0.5113888888888889,2023-01-19 14:15:58,2023-01-19 14:46:39
Software Engineering at Google,foreward,0 days 00:01:50,0.0305555555555555,2023-02-02 12:21:01,2023-02-02 12:22:51
Software Engineering at Google,preface,0 days 00:03:51,0.0641666666666666,2023-02-02 12:22:55,2023-02-02 12:26:46
Software Engineering at Google,chp01,0 days 00:41:09,0.6858333333333333,2023-02-02 12:45:24,2023-02-02 13:26:33
Software Engineering at Google,chp02,0 days 00:25:28,0.4244444444444444,2023-02-02 13:26:57,2023-02-02 13:52:25
Software Engineering at Google,chp03,0 days 00:36:27,0.6075,2023-02-02 19:35:18,2023-02-02 20:11:45
Algorithms to Live By,chp04,0 days 00:29:32,0.4922222222222222,2023-02-20 06:59:13,2023-02-20 07:28:45
Software Engineering at Google,chp04,0 days 00:13:28,0.2244444444444444,2023-02-20 19:57:54,2023-02-20 20:11:22
Software Engineering at Google,chp05,0 days 00:48:55,0.8152777777777778,2023-02-21 15:16:52,2023-02-21 16:05:47
Software Engineering at Google,chp06,0 days 00:22:57,0.3825,2023-02-21 19:35:31,2023-02-21 19:58:28
Software Engineering at Google,chp07,0 days 00:16:46,0.2794444444444444,2023-02-21 19:58:51,2023-02-21 20:15:37
Software Engineering at Google,chp08,0 days 00:24:45,0.4125,2023-02-22 14:34:55,2023-02-22 14:59:40
Software Engineering at Google,chp09,0 days 00:24:59,0.4163888888888888,2023-02-22 15:10:44,2023-02-22 15:35:43
Software Engineering at Google,chp10,0 days 00:27:46,0.4627777777777778,2023-02-22 15:38:03,2023-02-22 16:05:49
Software Engineering at Google,chp11,0 days 00:25:04,0.4177777777777778,2023-02-22 19:59:08,2023-02-22 20:24:12
Software Engineering at Google,chp12,0 days 00:27:38,0.4605555555555555,2023-02-23 10:01:21,2023-02-23 10:28:59
Software Engineering at Google,chp13,0 days 00:26:18,0.4383333333333333,2023-02-23 19:52:26,2023-02-23 20:18:44
Software Engineering at Google,chp14,0 days 00:22:46,0.3794444444444444,2023-02-23 20:19:00,2023-02-23 20:41:46
Software Engineering at Google,chp15,0 days 00:12:18,0.205,2023-02-24 08:39:25,2023-02-24 08:51:43
Software Engineering at Google,chp16,0 days 00:37:42,0.6283333333333333,2023-02-24 09:29:35,2023-02-24 10:07:17
Software Engineering at Google,chp17,0 days 00:21:52,0.3644444444444444,2023-02-24 10:07:38,2023-02-24 10:29:30
Algorithms to Live By,chp05,0 days 00:42:11,0.7030555555555555,2023-02-25 20:17:52,2023-02-25 21:00:03
Software Engineering at Google,chp18,0 days 00:30:25,0.5069444444444444,2023-03-20 14:20:14,2023-03-20 14:50:39
Software Engineering at Google,chp19,0 days 00:11:25,0.1902777777777777,2023-03-20 14:50:47,2023-03-20 15:02:12
Software Engineering at Google,chp20,0 days 00:09:29,0.1580555555555555,2023-03-27 21:08:55,2023-03-27 21:18:24
Software Engineering at Google,chp21,0 days 00:24:46,0.4127777777777778,2023-03-28 14:30:50,2023-03-28 14:55:36
Software Engineering at Google,chp22,0 days 00:21:03,0.3508333333333333,2023-03-28 15:41:52,2023-03-28 16:02:55
Software Engineering at Google,chp23,0 days 00:18:04,0.3011111111111111,2023-03-28 19:50:12,2023-03-28 20:08:16
Software Engineering at Google,chp24,0 days 00:10:15,0.1708333333333333,2023-03-28 20:08:20,2023-03-28 20:18:35
Software Engineering at Google,chp25,0 days 00:29:49,0.4969444444444444,2023-03-28 20:19:15,2023-03-28 20:49:04
Software Engineering at Google,afterword,0 days 00:00:46,0.0127777777777777,2023-03-28 20:49:06,2023-03-28 20:49:52
Building an Anonymization Pipeline,preface,0 days 00:04:56,0.0822222222222222,2023-03-29 20:07:14,2023-03-29 20:12:10
Building an Anonymization Pipeline,chp01,0 days 00:18:51,0.3141666666666666,2023-03-29 20:12:14,2023-03-29 20:31:05
Practical Fairness,preface,0 days 00:03:00,0.05,2023-03-30 20:29:34,2023-03-30 20:32:34
Practical Fairness,chp01,0 days 00:27:45,0.4625,2023-03-30 20:32:42,2023-03-30 21:00:27
Building an Anonymization Pipeline,chp02,0 days 00:14:45,0.2458333333333333,2023-04-01 21:36:41,2023-04-01 21:51:26
Building an Anonymization Pipeline,chp03,0 days 00:33:47,0.5630555555555555,2023-04-07 20:21:42,2023-04-07 20:55:29
Algorithms to Live By,chp06,0 days 00:36:53,0.6147222222222222,2023-04-10 18:17:54,2023-04-10 18:54:47
Algorithms to Live By,chp07,0 days 00:22:50,0.3805555555555555,2023-04-19 20:25:33,2023-04-19 20:48:23
Algorithms to Live By,chp08,0 days 00:15:58,0.2661111111111111,2023-04-19 20:48:25,2023-04-19 21:04:23
Algorithms to Live By,chp09,0 days 00:29:58,0.4994444444444444,2023-04-20 20:09:14,2023-04-20 20:39:12
Algorithms to Live By,chp10,0 days 00:31:25,0.5236111111111111,2023-04-20 20:39:14,2023-04-20 21:10:39
Algorithms to Live By,chp11,0 days 00:35:13,0.5869444444444445,2023-04-21 12:41:36,2023-04-21 13:16:49
Algorithms to Live By,conclusion,0 days 00:05:50,0.0972222222222222,2023-04-21 13:16:51,2023-04-21 13:22:41
Reinforcement Learning,preface,0 days 00:06:25,0.1069444444444444,2023-04-28 13:25:00,2023-04-28 13:31:25
Reinforcement Learning,chp01,0 days 00:16:11,0.2697222222222222,2023-04-28 13:31:28,2023-04-28 13:47:39
Weapons of Math Destruction,introduction,0 days 00:11:52,0.1977777777777777,2023-05-06 21:15:51,2023-05-06 21:27:43
Weapons of Math Destruction,chp01,0 days 00:16:27,0.2741666666666666,2023-05-06 21:27:46,2023-05-06 21:44:13
Reinforcement Learning,chp02,0 days 00:45:09,0.7525,2023-05-07 20:16:11,2023-05-07 21:01:20
Reinforcement Learning,chp03,0 days 00:38:33,0.6425,2023-05-12 19:46:08,2023-05-12 20:24:41
Reinforcement Learning,chp04,0 days 00:29:34,0.4927777777777777,2023-05-12 20:24:46,2023-05-12 20:54:20
Reinforcement Learning,chp05,0 days 00:23:27,0.3908333333333333,2023-05-12 20:59:49,2023-05-12 21:23:16
"Generative Deep Learning, 2nd Ed",chp10,0 days 00:27:31,0.46,2023-07-30 16:16:36,2023-07-30 16:44:07
"Generative Deep Learning, 2nd Ed",chp10,0 days 00:28:51,0.48,2023-07-29 22:23:28,2023-07-29 22:52:19
"Generative Deep Learning, 2nd Ed",chp09,0 days 00:28:25,0.47,2023-07-21 21:22:10,2023-07-21 21:50:35
"Generative Deep Learning, 2nd Ed",chp08,0 days 00:32:00,0.53,2023-07-21 20:50:00,2023-07-21 21:22:00
What If,finished - 56%,0 days 00:26:44,0.45,2023-07-21 17:01:41,2023-07-21 17:28:25
What If,finished short answers #5 - 51%,0 days 00:35:19,0.59,2023-07-21 16:23:36,2023-07-21 16:58:55
What If,finished weird and worrying #3 - 45%,0 days 00:32:36,0.54,2023-07-20 21:10:24,2023-07-20 21:43:00
What If,finished short answers #4  44%,0 days 00:17:57,0.3,2023-07-20 19:20:08,2023-07-20 19:38:05
What If,finished chp 43 - 42%,0 days 00:30:36,0.51,2023-07-20 09:42:00,2023-07-20 10:12:36
What If,Weird Questions -37,0 days 00:31:51,0.53,2023-07-18 21:04:06,2023-07-18 21:35:57
What If,stopped at chp29 - 30%,0 days 00:11:13,0.19,2023-07-18 20:13:46,2023-07-18 20:24:59
"Generative Deep Learning, 2nd Ed",chp07,0 days 00:11:54,0.2,2023-07-09 20:56:03,2023-07-09 21:07:57
"Generative Deep Learning, 2nd Ed",chp06,0 days 00:16:41,0.28,2023-07-09 20:39:12,2023-07-09 20:55:53
"Generative Deep Learning, 2nd Ed",chp05,0 days 00:23:07,0.39,2023-07-08 20:45:46,2023-07-08 21:08:53
"Generative Deep Learning, 2nd Ed",chp04,0 days 00:26:00,0.43,2023-07-01 11:59:16,2023-07-01 12:25:16
"Generative Deep Learning, 2nd Ed",chp03,0 days 00:27:00,0.45,2023-06-30 06:05:00,2023-06-30 06:32:00
Hello World: Being Human in the Age of Algorithms,conclusion,0 days 00:05:21,0.09,2023-06-25 21:27:00,2023-06-25 21:32:21
Hello World: Being Human in the Age of Algorithms,chp07,0 days 00:23:37,0.39,2023-06-25 21:03:14,2023-06-25 21:26:51
Hello World: Being Human in the Age of Algorithms,chp06,0 days 00:35:32,0.59,2023-06-25 20:27:13,2023-06-25 21:02:45
Hello World: Being Human in the Age of Algorithms,chp05,0 days 00:30:32,0.51,2023-06-25 19:29:17,2023-06-25 19:59:49
Hello World: Being Human in the Age of Algorithms,chp04,0 days 00:37:29,0.62,2023-06-25 17:19:31,2023-06-25 17:57:00
Hello World: Being Human in the Age of Algorithms,chp03,0 days 00:26:46,0.45,2023-06-24 19:48:14,2023-06-24 20:15:00
Hello World: Being Human in the Age of Algorithms,chp02,0 days 00:30:14,0.5,2023-06-24 19:17:17,2023-06-24 19:47:31
Hello World: Being Human in the Age of Algorithms,chp01,0 days 00:30:54,0.52,2023-06-24 14:03:59,2023-06-24 14:34:53
Hello World: Being Human in the Age of Algorithms,intro,0 days 00:03:29,0.06,2023-06-24 14:00:05,2023-06-24 14:03:34
"Generative Deep Learning, 2nd Ed",chp02,0 days 00:24:06,0.4,2023-06-24 10:24:27,2023-06-24 10:48:33
"Generative Deep Learning, 2nd Ed",chp01,0 days 00:20:14,0.34,2023-06-23 19:03:00,2023-06-23 19:23:14
"Generative Deep Learning, 2nd Ed",preface,0 days 00:06:12,0.1,2023-06-23 17:09:58,2023-06-23 17:16:10
"Generative Deep Learning, 2nd Ed",foreword,0 days 00:00:40,0.01,2023-06-23 17:09:16,2023-06-23 17:09:56
Other Minds,,0 days 00:23:47,0.4,2023-06-22 22:58:19,2023-06-22 23:22:06
Other Minds,chp07,0 days 00:14:44,0.25,2023-06-22 17:55:35,2023-06-22 18:10:19
Other Minds,chp07,0 days 00:03:13,0.05,2023-06-22 17:50:10,2023-06-22 17:53:23
Other Minds,chp06,0 days 00:21:57,0.37,2023-06-22 11:29:03,2023-06-22 11:51:00
Other Minds,chp05,0 days 00:40:32,0.68,2023-06-22 10:38:28,2023-06-22 11:19:00
Other Minds,chp04,0 days 00:25:43,0.43,2023-06-19 18:57:13,2023-06-19 19:22:56
Other Minds,chp03,0 days 00:34:17,0.57,2023-06-19 15:07:54,2023-06-19 15:42:11
Other Minds,chp02,0 days 00:29:03,0.48,2023-06-19 14:38:44,2023-06-19 15:07:47
Other Minds,chp01,0 days 00:10:42,0.18,2023-06-19 14:07:12,2023-06-19 14:17:54
Reinforcement Learning,chp06,0 days 00:27:21,0.46,2023-05-17 12:58:14,2023-05-17 13:25:35
"Generative Deep Learning: Teaching Machines to Paint, Write, Compose, and Play",,0 days 00:14:00,0.2333333333333333,2023-08-18 19:53:52,2023-08-18 20:07:52
"Generative Deep Learning: Teaching Machines to Paint, Write, Compose, and Play",,0 days 00:27:00,0.45,2023-08-18 20:22:26,2023-08-18 20:49:26
"Generative Deep Learning: Teaching Machines to Paint, Write, Compose, and Play",,0 days 00:17:00,0.2833333333333333,2023-08-18 20:40:02,2023-08-18 20:57:02
This Is How You Lose the Time War,,0 days 00:38:00,0.6333333333333333,2023-09-02 16:16:45,2023-09-02 16:54:45
This Is How You Lose the Time War,,0 days 00:28:00,0.4666666666666667,2023-09-02 17:30:34,2023-09-02 17:58:34
This Is How You Lose the Time War,,0 days 00:43:00,0.7166666666666667,2023-09-02 18:34:10,2023-09-02 19:17:10
Project Hail Mary: A Novel,,0 days 00:22:00,0.3666666666666666,2023-09-09 18:10:33,2023-09-09 18:32:33
Project Hail Mary: A Novel,,0 days 00:14:00,0.2333333333333333,2023-09-09 18:27:32,2023-09-09 18:41:32
Project Hail Mary: A Novel,,0 days 00:22:00,0.3666666666666666,2023-09-09 18:53:47,2023-09-09 19:15:47
Project Hail Mary: A Novel,,0 days 00:28:00,0.4666666666666667,2023-09-10 19:23:26,2023-09-10 19:51:26
Project Hail Mary: A Novel,,0 days 00:28:00,0.4666666666666667,2023-09-10 19:52:09,2023-09-10 20:20:09
Project Hail Mary: A Novel,,0 days 00:22:00,0.3666666666666666,2023-09-10 20:15:14,2023-09-10 20:37:14
Project Hail Mary: A Novel,,0 days 00:14:00,0.2333333333333333,2023-09-10 20:29:32,2023-09-10 20:43:32
Project Hail Mary: A Novel,,0 days 00:21:00,0.35,2023-09-10 21:07:09,2023-09-10 21:28:09
Project Hail Mary: A Novel,,0 days 00:17:00,0.2833333333333333,2023-09-10 21:24:56,2023-09-10 21:41:56
Project Hail Mary: A Novel,,0 days 00:33:00,0.55,2023-09-10 22:50:49,2023-09-10 23:23:49
Project Hail Mary: A Novel,,0 days 00:18:00,0.3,2023-09-10 23:13:03,2023-09-10 23:31:03
Project Hail Mary: A Novel,,0 days 00:20:00,0.3333333333333333,2023-09-10 23:34:12,2023-09-10 23:54:12
Project Hail Mary: A Novel,,0 days 00:24:00,0.4,2023-09-10 23:58:29,2023-09-11 00:22:29
Project Hail Mary: A Novel,,0 days 00:25:00,0.4166666666666667,2023-09-11 00:23:38,2023-09-11 00:48:38
Project Hail Mary: A Novel,,0 days 00:19:00,0.3166666666666666,2023-09-11 00:45:33,2023-09-11 01:04:33
Project Hail Mary: A Novel,,0 days 00:22:00,0.3666666666666666,2023-09-11 01:07:58,2023-09-11 01:29:58
Project Hail Mary: A Novel,,0 days 00:23:00,0.3833333333333333,2023-09-11 01:31:42,2023-09-11 01:54:42
Project Hail Mary: A Novel,,0 days 00:25:00,0.4166666666666667,2023-09-11 01:57:29,2023-09-11 02:22:29
Project Hail Mary: A Novel,,0 days 00:33:00,0.55,2023-09-11 02:48:05,2023-09-11 03:21:05
Project Hail Mary: A Novel,,0 days 00:30:00,0.5,2023-09-11 07:45:58,2023-09-11 08:15:58
Project Hail Mary: A Novel,,0 days 00:32:00,0.5333333333333333,2023-09-11 08:18:33,2023-09-11 08:50:33
Project Hail Mary: A Novel,,0 days 00:28:00,0.4666666666666667,2023-09-11 08:47:31,2023-09-11 09:15:31
Project Hail Mary: A Novel,,0 days 00:18:00,0.3,2023-09-11 09:08:20,2023-09-11 09:26:20
Project Hail Mary: A Novel,,0 days 00:20:00,0.3333333333333333,2023-09-11 09:28:45,2023-09-11 09:48:45
Project Hail Mary: A Novel,,0 days 00:32:00,0.5333333333333333,2023-09-11 10:25:55,2023-09-11 10:57:55
Project Hail Mary: A Novel,,0 days 00:15:00,0.25,2023-09-11 10:41:46,2023-09-11 10:56:46
Project Hail Mary: A Novel,,0 days 00:08:00,0.1333333333333333,2023-09-11 10:50:29,2023-09-11 10:58:29
Project Hail Mary: A Novel,,0 days 00:13:00,0.2166666666666666,2023-09-11 11:04:19,2023-09-11 11:17:19
Project Hail Mary: A Novel,,0 days 00:26:00,0.4333333333333333,2023-09-11 11:30:45,2023-09-11 11:56:45
Project Hail Mary: A Novel,,0 days 00:09:00,0.15,2023-09-11 11:40:24,2023-09-11 11:49:24
The Creative Act: A Way of Being,,0 days 01:28:00,1.4666666666666666,2023-09-28 03:38:30,2023-09-28 05:06:30
The Candy House: A Novel,,0 days 00:28:00,0.4666666666666667,2023-10-01 19:59:37,2023-10-01 20:27:37
The Candy House: A Novel,,0 days 01:15:00,1.25,2023-12-26 21:16:53,2023-12-26 22:31:53
The Candy House: A Novel,,0 days 00:09:00,0.15,2023-12-26 21:44:13,2023-12-26 21:53:13
The Candy House: A Novel,,0 days 00:10:00,0.1666666666666666,2023-12-26 21:56:07,2023-12-26 22:06:07
The Candy House: A Novel,,0 days 00:49:00,0.8166666666666667,2023-12-27 21:15:03,2023-12-27 22:04:03
The Candy House: A Novel,,0 days 00:14:00,0.2333333333333333,2023-12-28 20:18:52,2023-12-28 20:32:52
The Candy House: A Novel,,0 days 00:51:00,0.85,2023-12-28 21:12:07,2023-12-28 22:03:07
Remarkably Bright Creatures: A Novel,,0 days 00:09:00,0.15,2023-10-07 19:42:15,2023-10-07 19:51:15
Remarkably Bright Creatures: A Novel,,0 days 00:55:00,0.9166666666666666,2023-10-08 16:52:51,2023-10-08 17:47:51
Remarkably Bright Creatures: A Novel,,0 days 00:20:00,0.3333333333333333,2023-10-09 21:34:35,2023-10-09 21:54:35
Remarkably Bright Creatures: A Novel,,0 days 00:25:00,0.4166666666666667,2023-12-18 15:40:42,2023-12-18 16:05:42
Remarkably Bright Creatures: A Novel,,0 days 00:04:00,0.0666666666666666,2023-12-30 19:49:09,2023-12-30 19:53:09
Remarkably Bright Creatures: A Novel,,0 days 00:17:00,0.2833333333333333,2023-12-30 20:33:01,2023-12-30 20:50:01
Remarkably Bright Creatures: A Novel,,0 days 00:32:00,0.5333333333333333,2023-12-30 21:05:17,2023-12-30 21:37:17
Remarkably Bright Creatures: A Novel,,0 days 00:42:00,0.7,2023-12-30 21:47:55,2023-12-30 22:29:55
Remarkably Bright Creatures: A Novel,,0 days 00:23:00,0.3833333333333333,2023-12-31 18:45:33,2023-12-31 19:08:33
Remarkably Bright Creatures: A Novel,,0 days 00:06:00,0.1,2023-12-31 19:47:45,2023-12-31 19:53:45
Remarkably Bright Creatures: A Novel,,0 days 00:26:00,0.4333333333333333,2023-12-31 20:40:20,2023-12-31 21:06:20
Nudge: The Final Edition,,0 days 00:24:00,0.4,2023-11-09 14:39:27,2023-11-09 15:03:27
Nudge: The Final Edition,,0 days 00:24:00,0.4,2023-11-09 15:09:20,2023-11-09 15:33:20
Nudge: The Final Edition,,0 days 00:16:00,0.2666666666666666,2023-11-09 17:05:37,2023-11-09 17:21:37
Nudge: The Final Edition,,0 days 00:26:00,0.4333333333333333,2023-11-11 13:16:59,2023-11-11 13:42:59
Nudge: The Final Edition,,0 days 00:39:00,0.65,2023-11-11 13:57:44,2023-11-11 14:36:44
Nudge: The Final Edition,,0 days 00:40:00,0.6666666666666666,2023-11-11 16:08:10,2023-11-11 16:48:10
Nudge: The Final Edition,,0 days 00:34:00,0.5666666666666667,2023-12-18 14:40:27,2023-12-18 15:14:27
Nudge: The Final Edition,,0 days 01:53:00,1.8833333333333333,2023-12-29 21:59:30,2023-12-29 23:52:30
Exhalation: Stories,,0 days 00:03:00,0.05,2023-11-28 14:38:04,2023-11-28 14:41:04
Exhalation: Stories,,0 days 00:04:00,0.0666666666666666,2023-11-28 14:45:35,2023-11-28 14:49:35
Exhalation: Stories,,0 days 00:18:00,0.3,2023-11-28 16:56:31,2023-11-28 17:14:31
Exhalation: Stories,,0 days 00:08:00,0.1333333333333333,2023-11-28 17:26:59,2023-11-28 17:34:59
Exhalation: Stories,,0 days 00:29:00,0.4833333333333333,2023-11-28 23:03:13,2023-11-28 23:32:13
Exhalation: Stories,,0 days 00:01:00,0.0166666666666666,2023-11-29 13:44:26,2023-11-29 13:45:26
Exhalation: Stories,,0 days 02:12:00,2.2,2023-11-29 17:09:35,2023-11-29 19:21:35
Exhalation: Stories,,0 days 00:12:00,0.2,2023-11-29 18:34:10,2023-11-29 18:46:10
Exhalation: Stories,,0 days 00:12:00,0.2,2023-11-29 21:14:06,2023-11-29 21:26:06
Exhalation: Stories,,0 days 00:09:00,0.15,2023-11-29 22:11:17,2023-11-29 22:20:17
Exhalation: Stories,,0 days 00:36:00,0.6,2023-11-29 23:20:56,2023-11-29 23:56:56
Exhalation: Stories,,0 days 00:34:00,0.5666666666666667,2023-11-30 10:30:37,2023-11-30 11:04:37
Exhalation: Stories,,0 days 01:14:00,1.2333333333333334,2023-11-30 11:49:49,2023-11-30 13:03:49
Exhalation: Stories,,0 days 00:10:00,0.1666666666666666,2023-11-30 13:36:46,2023-11-30 13:46:46
Arrival (Stories of Your Life MTI),,0 days 00:19:00,0.3166666666666666,2023-11-30 13:22:25,2023-11-30 13:41:25
Arrival (Stories of Your Life MTI),,0 days 00:25:00,0.4166666666666667,2023-11-30 14:39:43,2023-11-30 15:04:43
Arrival (Stories of Your Life MTI),,0 days 00:27:00,0.45,2023-11-30 15:42:00,2023-11-30 16:09:00
Arrival (Stories of Your Life MTI),,0 days 00:15:00,0.25,2023-11-30 16:03:04,2023-11-30 16:18:04
Arrival (Stories of Your Life MTI),,0 days 00:08:00,0.1333333333333333,2023-12-01 07:42:16,2023-12-01 07:50:16
Arrival (Stories of Your Life MTI),,0 days 01:20:00,1.3333333333333333,2023-12-02 16:11:06,2023-12-02 17:31:06
Arrival (Stories of Your Life MTI),,0 days 00:15:00,0.25,2023-12-05 14:43:28,2023-12-05 14:58:28
Arrival (Stories of Your Life MTI),,0 days 00:38:00,0.6333333333333333,2023-12-05 21:23:41,2023-12-05 22:01:41
Arrival (Stories of Your Life MTI),,0 days 00:22:00,0.3666666666666666,2023-12-06 13:42:02,2023-12-06 14:04:02
Arrival (Stories of Your Life MTI),,0 days 00:15:00,0.25,2023-12-06 15:38:26,2023-12-06 15:53:26
Arrival (Stories of Your Life MTI),,0 days 00:44:00,0.7333333333333333,2023-12-08 08:50:14,2023-12-08 09:34:14
The Making of the Atomic Bomb,,0 days 00:14:00,0.2333333333333333,2023-12-01 14:44:44,2023-12-01 14:58:44
The Making of the Atomic Bomb,,0 days 00:15:00,0.25,2023-12-08 14:41:54,2023-12-08 14:56:54
The Making of the Atomic Bomb,,0 days 00:16:00,0.2666666666666666,2023-12-11 14:36:38,2023-12-11 14:52:38
The Making of the Atomic Bomb,,0 days 00:05:00,0.0833333333333333,2023-12-11 14:45:28,2023-12-11 14:50:28
The Making of the Atomic Bomb,,0 days 00:11:00,0.1833333333333333,2023-12-11 15:34:03,2023-12-11 15:45:03
building an anonymization pipeline,,0 days 00:15:00,0.25,2023-12-31 21:37:23,2023-12-31 21:52:23
building an anonymization pipeline,,0 days 00:15:00,0.25,2023-12-31 21:53:17,2023-12-31 22:08:17
building an anonymization pipeline,,0 days 00:10:00,0.1666666666666666,2023-12-31 22:03:33,2023-12-31 22:13:33
building an anonymization pipeline,,0 days 00:10:00,0.1666666666666666,2023-12-31 22:13:42,2023-12-31 22:23:42
